Register_Address,Register_Name,Value,Expected
0x0,GPU_OVERT_INT,00,0x00
0x1,NVSW_OVERT_INT,00,0x00
0x2,GPU_PWRGD_INT,00,0x00
0x3,GPU_PRSNT_INT,00,0x00
0x4,GPIOA_INT,00,0x00
0x5,GPIOB_INT,80,0x00
0x6,GPIOC_INT,00,0x00
0x7,GPIOD_INT,00,0x00
0x8,GPIOE_INT,00,0x00
0x9,GPIOF_INT,00,0x00
0xA,GPIOG_INT,00,0x00
0xB,GPIOH_INT,60,0x00
0xC,GPIOI_INT,00,0x00
0x0D,GPIOJ_INT,00,0x00
0x0E,GPIOK_INT,00,0x00
0x0F,INTERNAL_1,00,0x00
0x10,INTERNAL_2,00,0x00
0x11,INTERNAL_3,00,0x00
0x12,INTERNAL_4,00,0x00
0x13,GPU_PWRGD_INT_MASK,00,0x00
0x14,GPU_PWRGD_GPI,FF,0xff
0x15,GPU_PRSNT_INT_MASK,00,0x00
0x16,GPU_PRSNT_GPI,00,0x00
0x17,GPU_OVERT_INT_MASK,00,0x00
0x18,GPU_OVERT_GPI,FF,0xff
0x19,NVSW_OVERT_INT_MASK,00,0x00
0x1A,NVSW_OVERT_GPI,FF,0xff
0x1B,GPIOA_INT_MASK,00,0x00
0x1C,GPIOA_GPI,7F,0xff
0x1D,GPIOB_INT_MASK,00,0x00
0x1E,GPIOB_GPI,40,0xff
0x1F,GPIOC_INT_MASK,00,0x00
0x20,GPIOC_GPI,FF,0xff
0x21,GPIOD_INT_MASK,04,0x00
0x22,GPIOD_GPI,5F,0xff
0x23,GPIOE_INT_MASK,00,0x00
0x24,GPIOE_GPI,FF,0xff
0x25,GPIOF_INT_MASK,00,0x00
0x26,GPIOF_GPI,03,0xf7
0x27,GPIOG_INT_MASK,00,0x00
0x28,GPIOG_GPI,00,0xff
0x29,GPIOH_INT_MASK,00,0x00
0x2A,GPIOH_GPI,9F,0xff
0x2B,GPIOI_INT_MASK,30,0x00
0x2C,GPIOI_GPI,3E,0x0e
0x2D,GPIOJ_INT_MASK,38,0x38
0x2E,GPIOJ_GPI,04,0x04
0x2F,GPIOK_INT_MASK,00,0x00
0x30,GPIOK_GPI,02,0x02
0x31,GPIO_INPUT1,7D,0x7d
0x32,GPIO_INPUT2,0F,0x14
0x33,GPIO_INPUT3,FE,0xfe
0x34,GPIO_INPUT4,A9,0xa9
0x35,GPIO_INPUT5,C0,0xc0
0x36,GPIO_OUTPUT1,2F,0x7f
0x37,GPIO_OUTPUT2,FF,0xff
0x38,GPIO_OUTPUT3,3C,0x3c
0x39,GPIO_OUTPUT4,FF,0xff
0x3A,GPIO_OUTPUT5,47,0xff
0x3B,GPIO_OUTPUT6,55,0xfd
0x3C,GPIO_OUTPUT7,FF,0xff
0x3D,GPIO_OUTPUT8,FF,0xff
0x3E,GPIO_OUTPUT9,33,0xff
0x3F,GPIO_OUTPUT10,FF,0xff
0x40,GPIO_OUTPUT11,FF,0xff
0x41,GPIO_OUTPUT12,81,0x81
0x42,GPIO_OUTPUT13,13,0x1e
0x43,GPIO_OUTPUT14,3C,0x3c
0x44,GPIO_OUTPUT15,D0,0xe0
0x45,GPIO_OUTPUT16,00,0x00
0x46,GPIO_OUTPUT17,00,0x00
0x47,VDD_VOUT,00,0x00
0x48,DVDD_VOUT,00,0x00
0x49,T_FUSE_SENSE,05,0x05
0x4A,T_LTSSM_START,1E,0x1e
0x4B,T_LR10_RESET,02,0x02
0x4C,FW_Major_Version,02,0x02
0x4D,FW_Minor_Version,03,0x00
0x4E,FW_Patch_Version,07,0x07
0x4F,GPU1_FSM_STATE,00,0x00
0x50,GPU2_FSM_STATE,00,0x00
0x51,GPU3_FSM_STATE,00,0x00
0x52,GPU4_FSM_STATE,00,0x00
0x53,GPU5_FSM_STATE,00,0x00
0x54,GPU6_FSM_STATE,00,0x00
0x55,GPU7_FSM_STATE,00,0x00
0x56,GPU8_FSM_STATE,00,0x00
0x57,NONGPU_FSM_STATE,00,0x00
0x58,NVSW1_FSM_STATE,00,0x00
0x59,NVSW2_FSM_STATE,00,0x00
0x5A,NVSW3_FSM_STATE,00,0x00
0x5B,NVSW4_FSM_STATE,00,0x00
0x5C,DEV_ERROR_STATUS_CLKBUF,00,0x00
0x5D,DEV_ERROR_STATUS_HSC_UV,00,0x00
0x5E,DEV_ERROR_STATUS_HC_OTHER,00,0x00
0x5F,RETIMER_THERMAL_CAL_STATUS,00,0x00
0x60,I2C13_PERI_ERROR_INT,04,0x05
0x61,I2C13_PERI_ERROR_INT_MASK,3F,0x3f
0x62,I2C24_PERI_ERROR_INT,C3,0x40
0x63,I2C24_PERI_ERROR_INT_MASK,FF,0xff
0x64,CL_Byte[3],70,0x66
0x65,CL_Byte[2],46,0x28
0x66,CL_Byte[1],96,0x16
0x67,CL_Byte[0],32,0x48
0x68,DEV_OVERT_INT,00,0x00
0x69,GPU_TEMP_WARN_INT,FF,0xff
0x6A,SENSOR_TEMP_WARN_INT,00,0x00
0x6B,DEV_TEMP_WARN_INT,00,0x00
0x6C,DEV_PRSNT_INT,00,0x00
0x6D,GPU_EROT_FATAL_INT,00,0x00
0x6E,DEV_EROT_FATAL_INT,00,0x00
0x6F,DEV_OVERT_INT_MASK,00,0x00
0x70,DEV_OVERT_GPI,3F,0x3f
0x71,GPU_TEMP_WARN_INT_MASK,FF,0xff
0x72,GPU_HEARTBEAT_GPI,46,0x00
0x73,SENSOR_TEMP_WARN_INT_MASK,00,0x00
0x74,SENSOR_TEMP_WARN_GPI,BF,0xbf
0x75,DEV_TEMP_WARN_INT_MASK,00,0x00
0x76,DEV_TEMP_WARN_GPI,33,0xff
0x77,DEV_PRSNT_INT_MASK,00,0x00
0x78,DEV_PRSNT_GPI,70,0x70
0x79,GPU_EROT_FATAL_INT_MASK,00,0x00
0x7A,GPU_EROT_FATAL_GPI,FF,0xff
0x7B,DEV_EROT_FATAL_INT_MASK,00,0x00
0x7C,DEV_EROT_FATAL_GPI,3F,0x3f
0x7D,GPIO_INPUT6,FF,0xff
0x7E,GPIO_INPUT7,3F,0x3f
0x7F,GPIO_INPUT8,01,0x01
0x80,GPIO_INPUT9,38,0x38
0x81,GPIO_OUTPUT18,FF,0xff
0x82,GPIO_OUTPUT19,3F,0x3f
0x83,GPIO_OUTPUT20,FF,0xff
0x84,GPIO_OUTPUT21,3F,0x3f
0x85,GPIO_OUTPUT22,00,0x00
0x86,GPIO_OUTPUT23,00,0x00
0x87,GPIO_OUTPUT24,00,0x3f
0x88,GPIO_OUTPUT25,C0,0xc0
0x89,INTERNAL_5,30,0x30
0x8A,INJ_ADDR_Byte[0],00,0x00
0x8B,INJ_ADDR_Byte[1],00,0x00
0x8C,INJ_DATA,00,0x00
0x8D,INJ_CTRL,00,0x00
0x8E,INJ_EN,00,0x00
0x8F,INJ_RESET,00,0x00
0x90,TIMER1_START_Byte[0],00,0x00
0x91,TIMER1_START_Byte[1],00,0x00
0x92,TIMER1_START_Byte[2],00,0x00
0x93,TIMER1_START_Byte[3],00,0x00
0x94,TIMER1_PULSE_Byte[0],00,0x00
0x95,TIMER1_PULSE_Byte[1],00,0x00
0x96,TIMER1_PULSE_Byte[2],00,0x00
0x97,TIMER1_PULSE_Byte[3],00,0x00
0x98,TIMER1_END_Byte[0],00,0x00
0x99,TIMER1_END_Byte[1],00,0x00
0x9A,TIMER1_END_Byte[2],00,0x00
0x9B,TIMER1_END_Byte[3],00,0x00
0x9C,TIMER1_CTRL,00,0x00
0x9D,TIMER2_START_Byte[0],00,0x00
0x9E,TIMER2_START_Byte[1],00,0x00
0x9F,TIMER2_START_Byte[2],00,0x00
0xA0,TIMER2_START_Byte[3],00,0x00
0xA1,TIMER2_PULSE_Byte[0],00,0x00
0xA2,TIMER2_PULSE_Byte[1],00,0x00
0xA3,TIMER2_PULSE_Byte[2],00,0x00
0xA4,TIMER2_PULSE_Byte[3],00,0x00
0xA5,TIMER2_END_Byte[0],00,0x00
0xA6,TIMER2_END_Byte[1],00,0x00
0xA7,TIMER2_END_Byte[2],00,0x00
0xA8,TIMER2_END_Byte[3],00,0x00
0xA9,TIMER2_CTRL,00,0x00
0xAA,TIMER_START,00,0x00
0xAB,GPU_EROT_SPI_ERROR_INT,00,0x00
0xAC,FPGA_EROT_SPI_ERROR_INT,00,0x00
0xAD,DEV_EROT_SPI_ERROR_INT,00,0x00
0xAE,MCTP_BACKEND_ERROR_INT,00,0x00
0xAF,HSIO_FIFO_DATA_Byte[0],00,0x00
0xB0,HSIO_FIFO_DATA_Byte[1],00,0x00
0xB1,HSIO_FIFO_DATA_Byte[2],00,0x00
0xB2,HSIO_FIFO_DATA_Byte[3],00,0x00
0xB3,HSIO_FIFO_DATA_Byte[4],00,0x00
0xB4,HSIO_FIFO_DATA_Byte[5],00,0x00
0xB5,HSIO_FIFO_DATA_Byte[6],00,0x00
0xB6,HSIO_FIFO_DATA_Byte[7],00,0x00
0xB7,HSIO_FIFO_CTRL,00,0x00
0xB8,LSIO_FIFO_DATA_Byte[0],00,0x00
0xB9,LSIO_FIFO_DATA_Byte[1],00,0x00
0xBA,LSIO_FIFO_DATA_Byte[2],00,0x00
0xBB,LSIO_FIFO_DATA_Byte[3],00,0x00
0xBC,LSIO_FIFO_DATA_Byte[4],00,0x00
0xBD,LSIO_FIFO_DATA_Byte[5],00,0x00
0xBE,LSIO_FIFO_DATA_Byte[6],00,0x00
0xBF,LSIO_FIFO_DATA_Byte[7],00,0x00
0xC0,LSIO_FIFO_CTRL,00,0x00
0xC1,MCTP_BACKEND_ERROR_INT_MASK,0F,0x0f
0xC2,GPU1_EROT_SPI_ERROR,00,0x00
0xC3,GPU2_EROT_SPI_ERROR,00,0x00
0xC4,GPU3_EROT_SPI_ERROR,00,0x00
0xC5,GPU4_EROT_SPI_ERROR,00,0x00
0xC6,GPU5_EROT_SPI_ERROR,00,0x00
0xC7,GPU6_EROT_SPI_ERROR,00,0x00
0xC8,GPU7_EROT_SPI_ERROR,00,0x00
0xC9,GPU8_EROT_SPI_ERROR,00,0x00
0xCA,GPU_EROT_SPI_ERROR_INT_MASK,FF,0xff
0xCB,FPGA_EROT_SPI_ERROR,00,0x00
0xCC,FPGA_EROT_SPI_ERROR_INT_MASK,01,0x01
0xCD,HMC_EROT_SPI_ERROR,00,0x00
0xCE,NVSW1_EROT_SPI_ERROR,00,0x00
0xCF,NVSW2_EROT_SPI_ERROR,00,0x00
0xD0,NVSW3_EROT_SPI_ERROR,00,0x00
0xD1,NVSW4_EROT_SPI_ERROR,00,0x00
0xD2,PEXSW_EROT_SPI_ERROR,00,0x00
0xD3,DEV_EROT_SPI_ERROR_INT_MASK,3F,0x3f
0xD4,GPU_EROT_I2C_ACK_STATUS,FF,0xff
0xD5,DEV_EROT_I2C_ACK_STATUS,3F,0x3f
0xD6,I2C_MARGINING_CLK_PRESCALER,00,0x00
0xD7,I2C_MARGINING_CLK_PRESCALER_100K,00,0x00
0xD8,I2C_MARGINING_CLK_EN,00,0x00
0xD9,GPIO_INPUT10,00,0xff
0xDA,GPIO_INPUT11,3C,0x3c
0xDB,GPIO_OUTPUT26,07,0x07
0xDC,BMC_GPU_I2C1_PERI_ERROR_ADDR,00,0x4c
0xDD,BMC_GPU_I2C1_PERI_ERROR_CODE,00,0x07
0xDE,HMC_GPU_I2C3_PERI_ERROR_ADDR,00,0x00
0xDF,HMC_GPU_I2C3_PERI_ERROR_CODE,00,0x00
0xE0,BMC_NVSW_I2C2_PERI_ERROR_ADDR,1B,0x00
0xE1,BMC_NVSW_I2C2_PERI_ERROR_CODE,07,0x00
0xE2,HMC_NVSW_I2C4_PERI_ERROR_ADDR,00,0x00
0xE3,HMC_NVSW_I2C4_PERI_ERROR_CODE,04,0x00
0xE4,BMC_AER_I2C2_PERI_ERROR_ADDR,00,0x00
0xE5,BMC_AER_I2C2_PERI_ERROR_CODE,00,0x00
0xE6,HMC_AER_I2C4_PERI_ERROR_ADDR,00,0x00
0xE7,HMC_AER_I2C4_PERI_ERROR_CODE,00,0x00
0xE8,BMC_REGTBL_I2C1_PERI_ERROR_ADDR,31,0x31
0xE9,BMC_REGTBL_I2C1_PERI_ERROR_CODE,04,0x04
0xEA,BMC_REGTBL_I2C2_PERI_ERROR_ADDR,00,0x00
0xEB,BMC_REGTBL_I2C2_PERI_ERROR_CODE,00,0x00
0xEC,HMC_REGTBL_I2C3_PERI_ERROR_ADDR,00,0x00
0xED,HMC_REGTBL_I2C3_PERI_ERROR_CODE,00,0x00
0xEE,HMC_REGTBL_I2C4_PERI_ERROR_ADDR,00,0x00
0xEF,HMC_REGTBL_I2C4_PERI_ERROR_CODE,00,0x00
0xF0,BMC_LSIO_I2C1_PERI_ERROR_ADDR,00,0x00
0xF1,BMC_LSIO_I2C1_PERI_ERROR_CODE,00,0x00
0xF2,HMC_LSIO_I2C3_PERI_ERROR_ADDR,00,0x00
0xF3,HMC_LSIO_I2C3_PERI_ERROR_CODE,00,0x00
0xF4,BMC_NON_GPU_I2C2_PERI_ERROR_ADDR,60,0x60
0xF5,BMC_NON_GPU_I2C2_PERI_ERROR_CODE,07,0x0d
0xF6,HMC_NON_GPU_I2C4_PERI_ERROR_ADDR,33,0x00
0xF7,HMC_NON_GPU_I2C4_PERI_ERROR_CODE,04,0x00
0xF8,BMC_SMBPBI_FATAL_ERROR_CODE,00,0x00
0xF9,HMC_SMBPBI_FATAL_ERROR_CODE,00,0x00
0xFA,SMBPBI_FATAL_ERROR_INT,00,0x00
0xFB,SMBPBI_FATAL_ERROR_INT_MASK,00,0x00
